scenario,ecological_health,carbon_sink_capacity,soil_microbiome_health,water_cycle_stability,resource_circularity,technology_capacity,human_wellbeing,social_harmony,governance_quality,conflict_pressure,thermal_stress,sustainability_index
Human-Centered Growth,0.5375628893562533,0.16576128441705984,0.3040563916888696,0.4432151324981324,0.3979134785813681,0.5814171638741361,0.5240986793558637,0.3685901686039052,0.46998550670415884,0.6606735447940635,0.7085628338383158,0.07909098257298824
Dualistic Power Optimization,0.2984211718379545,0.060140289317019084,0.24853161583317396,0.32120873077613016,0.3167294113423997,0.5035644179403717,0.48279136039164405,0.2470231276760581,0.43007735164637356,1.0,0.8223659815809042,0.0
Techno-Optimism Without Wisdom,0.572476011596293,0.3128820207972243,0.3753665417583592,0.46026661648415457,0.4163660610197758,0.7230195192519908,0.5203001983528613,0.4195250761990118,0.559562157785673,0.5529308703968031,0.6194091795418514,0.19133323232037452
Artificial Wisdom Civilization,0.8330017650587296,0.7798368267468743,0.7378113846554588,0.7099028422384445,0.7533667790453765,0.49785860247499353,0.6121889105986908,0.7413029574380947,0.6832897820817688,0.08,0.1,0.6603955389264923
Transitional Civilization,0.7061828922402575,0.5664522044645286,0.5684688641363925,0.589932454636404,0.5819053198946007,0.55309653861196,0.5966502015943543,0.6063414888145454,0.6443721811720404,0.08,0.12549200764243826,0.5501161253743998
