scenario,ecological_health,carbon_sink_capacity,soil_microbiome_health,water_cycle_stability,resource_circularity,technology_capacity,human_wellbeing,social_harmony,governance_quality,conflict_pressure,thermal_stress,sustainability_index
Human-Centered Growth,0.7419202016948057,0.19180148930647758,0.3263765673083696,0.46761523006452616,0.4652398571796152,0.5284101277475435,0.530065915601868,0.3736304854625079,0.48503082641005507,0.6413221633773369,0.6758384769691035,0.12738658444403084
Dualistic Power Optimization,0.4365042826352831,0.07965581364659995,0.2652592081156723,0.3425018375997406,0.35167187316605275,0.4454504447251252,0.48687598539644755,0.25160595088228316,0.4451222572831092,1.0,0.7929511420285356,0.0
Techno-Optimism Without Wisdom,0.7631174234640491,0.33772125567273487,0.3966573145087922,0.48409482356773326,0.5301068048574538,0.6775020278199605,0.5268475730607346,0.4247441133375835,0.5945434611825516,0.5322215264716651,0.5827571432659876,0.24740364339576382
Artificial Wisdom Civilization,1.0,1.0,0.9182493936535733,0.8272883094282814,0.8789812641269542,0.48445291242023947,0.6082234222941661,0.8448947778613702,0.8041388970343472,0.0,0.0,0.8184698863132147
Transitional Civilization,1.0,0.5861457701489035,0.5924293533466322,0.6250223327517714,0.5921092357466847,0.5186795373459561,0.5851024745043395,0.550878915303579,0.707521481589667,0.3129290120265304,0.3060932252943973,0.4850098963072718
